Workbook

Sheet Planilla
D1: (1) | E1: (2) | F1: (3) | G1: (4) | H1: (5) | K1: (6) | L1: (6)
A2: Fecha | B2: Salida del sol | C2: Puesta del sol | D2: Motivo de activacion | E2: Fenomeno Meteorologico | F2: Tipo de trabajo | G2: Vehiculo | H2: Equipo | I2: Urea Kilos | J2: Glicol Litros | K2: Prioridad de de Trabajo 1 | L2: Prioridad de de Trabajo 2 | M2: Superficie 1 | N2: Superficie 2 | O2: Superficies Total | P2: Superficie tratada quimicamente | Q2: Superficie Barrida | R2: Urea /sup | S2: Glicol/sup | T2: Temp. | U2: P. Rocio | V2: Humedad | W2: Presion | X2: Viento
A3: 45805 | B3: =IF(A3="","",VLOOKUP(Planilla!A3,#REF!,2,FALSE)) -> #REF! | C3: =IF(B3="","",VLOOKUP(Planilla!A3,#REF!,3,FALSE)) -> #REF! | D3: Preventivo | E3: Probabilidad de Nieve | F3: Esparcido | G3: Tractor Agco Allis | H3: Esparcidor Urea Cyra | I3: 1875 | K3: Pista, cabeceras, rodajes y plataforma | M3: =IF(K3="",0,VLOOKUP(K3,#REF!,2,FALSE)) -> #REF! | N3: =IF(L3="",0,VLOOKUP(L3,#REF!,2,FALSE)) -> 0 | O3: =M3+N3 -> #REF! | P3: =IF(F3="Barrido","",O3) -> #REF! | Q3: =IF(F3="Barrido",O3,"") | R3: =IF(I3<>"0",I3,"") -> 1875 | S3: =IF(J3<>"0",J3,"") -> 0 | T3: -1.6 | U3: -2.4 | V3: 95 | W3: 1018 | X3: 0
A4: 45805 | B4: =IF(A4="","",VLOOKUP(Planilla!A4,#REF!,2,FALSE)) -> #REF! | C4: =IF(B4="","",VLOOKUP(Planilla!A4,#REF!,3,FALSE)) -> #REF! | D4: Preventivo | E4: Nieve | F4: Esparcido | G4: Tractor Agco Allis | H4: Esparcidor Urea Cyra | I4: 2250 | K4: Pista, cabeceras y rodajes | L4: Parking, sendas peatonales | M4: =IF(K4="",0,VLOOKUP(K4,#REF!,2,FALSE)) -> #REF! | N4: =IF(L4="",0,VLOOKUP(L4,#REF!,2,FALSE)) -> #REF! | O4: =M4+N4 -> #REF! | P4: =IF(F4="Barrido","",O4) -> #REF! | Q4: =IF(F4="Barrido",O4,"") | R4: =IF(I4<>"0",I4,"") -> 2250 | S4: =IF(J4<>"0",J4,"") -> 0 | T4: -0.3 | U4: -1.5 | V4: 92 | W4: 1016 | X4: 0
A5: 45805 | D5: Preventivo | E5: Nieve | F5: Prueba de frenado | G5: Movil 1 AB743ZN | H5: Descelerometro | K5: Pista | T5: 0 | U5: -1.2 | V5: 92 | W5: 1016 | X5: 0.3
A6: 45805 | B6: =IF(A6="","",VLOOKUP(Planilla!A6,#REF!,2,FALSE)) -> #REF! | C6: =IF(B6="","",VLOOKUP(Planilla!A6,#REF!,3,FALSE)) -> #REF! | D6: Preventivo | E6: Probabilidad de Hielo | F6: Otros rociado | G6: Mochila | H6: Mochila Giber 12 Lts | J6: 20 | L6: Parking, sendas peatonales | M6: =IF(K6="",0,VLOOKUP(K6,#REF!,2,FALSE)) -> 0 | N6: =IF(L6="",0,VLOOKUP(L6,#REF!,2,FALSE)) -> #REF! | O6: =M6+N6 -> #REF! | P6: =IF(F6="Barrido","",O6) -> #REF! | Q6: =IF(F6="Barrido",O6,"") | R6: =IF(I6<>"0",I6,"") -> 0 | S6: =IF(J6<>"0",J6,"") -> 20 | T6: -1.7 | U6: -2.2 | V6: 95 | W6: 1017 | X6: 0
A7: 45805 | B7: =IF(A7="","",VLOOKUP(Planilla!A7,#REF!,2,FALSE)) -> #REF! | C7: =IF(B7="","",VLOOKUP(Planilla!A7,#REF!,3,FALSE)) -> #REF! | D7: Preventivo | E7: Nieve | F7: Barrido | G7: Tractor MF7615 2018 | H7: Barredora MB 3616 TRT 2018 | K7: Pista, cabeceras y rodajes | M7: =IF(K7="",0,VLOOKUP(K7,#REF!,2,FALSE)) -> #REF! | N7: =IF(L7="",0,VLOOKUP(L7,#REF!,2,FALSE)) -> 0 | O7: =M7+N7 -> #REF! | P7: =IF(F7="Barrido","",O7) | Q7: =IF(F7="Barrido",O7,"") -> #REF! | R7: =IF(I7<>"0",I7,"") -> 0 | S7: =IF(J7<>"0",J7,"") -> 0 | T7: -0.2 | U7: -1.4 | V7: 92 | W7: 1016 | X7: 1.4
A8: 45805 | B8: =IF(A8="","",VLOOKUP(Planilla!A8,#REF!,2,FALSE)) -> #REF! | C8: =IF(B8="","",VLOOKUP(Planilla!A8,#REF!,3,FALSE)) -> #REF! | D8: Preventivo | E8: Nieve | F8: Barrido | G8: Tractor MF7615 2018 | H8: Barredora MB 3616 TRT 2018 | K8: Plataforma | M8: =IF(K8="",0,VLOOKUP(K8,#REF!,2,FALSE)) -> #REF! | N8: =IF(L8="",0,VLOOKUP(L8,#REF!,2,FALSE)) -> 0 | O8: =M8+N8 -> #REF! | P8: =IF(F8="Barrido","",O8) | Q8: =IF(F8="Barrido",O8,"") -> #REF! | R8: =IF(I8<>"0",I8,"") -> 0 | S8: =IF(J8<>"0",J8,"") -> 0 | T8: 1 | U8: 0.8 | V8: 99 | W8: 1011 | X8: 1.2
A9: 45805 | B9: =IF(A9="","",VLOOKUP(Planilla!A9,#REF!,2,FALSE)) -> #REF! | C9: =IF(B9="","",VLOOKUP(Planilla!A9,#REF!,3,FALSE)) -> #REF! | D9: Preventivo | E9: Rocio helado | F9: Esparcido | G9: Tractor Agco Allis | H9: Esparcidor Urea Cyra | I9: 400 | K9: Plataforma | M9: =IF(K9="",0,VLOOKUP(K9,#REF!,2,FALSE)) -> #REF! | N9: =IF(L9="",0,VLOOKUP(L9,#REF!,2,FALSE)) -> 0 | O9: =M9+N9 -> #REF! | P9: =IF(F9="Barrido","",O9) -> #REF! | Q9: =IF(F9="Barrido",O9,"") | R9: =IF(I9<>"0",I9,"") -> 400 | S9: =IF(J9<>"0",J9,"") -> 0 | T9: 1 | U9: 0.8 | V9: 99 | W9: 1011 | X9: 1.2
A10: 45805 | B10: =IF(A10="","",VLOOKUP(Planilla!A10,#REF!,2,FALSE)) -> #REF! | C10: =IF(B10="","",VLOOKUP(Planilla!A10,#REF!,3,FALSE)) -> #REF! | D10: Preventivo | E10: Probabilidad de Hielo | F10: Rociado | G10: Tractor MF7615 2019 | H10: Rociador de Glicol Capurelli | J10: 700 | K10: Pista, cabeceras y rodajes | M10: =IF(K10="",0,VLOOKUP(K10,#REF!,2,FALSE)) -> #REF! | N10: =IF(L10="",0,VLOOKUP(L10,#REF!,2,FALSE)) -> 0 | O10: =M10+N10 -> #REF! | P10: =IF(F10="Barrido","",O10) -> #REF! | Q10: =IF(F10="Barrido",O10,"") | R10: =IF(I10<>"0",I10,"") -> 0 | S10: =IF(J10<>"0",J10,"") -> 700 | T10: 1.3 | U10: 1.2 | V10: 99 | W10: 1010 | X10: 2.4
A11: 45805 | B11: =IF(A11="","",VLOOKUP(Planilla!A11,#REF!,2,FALSE)) -> #REF! | C11: =IF(B11="","",VLOOKUP(Planilla!A11,#REF!,3,FALSE)) -> #REF! | D11: Preventivo | E11: Rocio helado | F11: Esparcido | G11: Tractor Agco Allis | H11: Esparcidor Urea Cyra | I11: 100 | K11: Parking, sendas peatonales | M11: =IF(K11="",0,VLOOKUP(K11,#REF!,2,FALSE)) -> #REF! | N11: =IF(L11="",0,VLOOKUP(L11,#REF!,2,FALSE)) -> 0 | O11: =M11+N11 -> #REF! | P11: =IF(F11="Barrido","",O11) -> #REF! | Q11: =IF(F11="Barrido",O11,"") | R11: =IF(I11<>"0",I11,"") -> 100 | S11: =IF(J11<>"0",J11,"") -> 0 | T11: 1.6 | U11: 1.4 | V11: 99 | W11: 1010 | X11: 4.9
A12: 45805 | D12: Preventivo | E12: Probabilidad de Hielo | F12: Prueba de frenado | G12: Movil 1 AB743ZN | H12: Descelerometro | K12: Pista | T12: -2.2 | U12: -2.3 | V12: 99 | W12: 1008 | X12: 0
A13: 45806 | B13: =IF(A13="","",VLOOKUP(Planilla!A13,#REF!,2,FALSE)) -> #REF! | C13: =IF(B13="","",VLOOKUP(Planilla!A13,#REF!,3,FALSE)) -> #REF! | D13: Correctivo | E13: Probabilidad de Hielo | F13: Rociado | G13: Tractor MF7615 2019 | H13: Rociador de Glicol Capurelli | J13: 500 | L13: Parking, sendas peatonales | M13: =IF(K13="",0,VLOOKUP(K13,#REF!,2,FALSE)) -> 0 | N13: =IF(L13="",0,VLOOKUP(L13,#REF!,2,FALSE)) -> #REF! | O13: =M13+N13 -> #REF! | P13: =IF(F13="Barrido","",O13) -> #REF! | Q13: =IF(F13="Barrido",O13,"") | R13: =IF(I13<>"0",I13,"") -> 0 | S13: =IF(J13<>"0",J13,"") -> 500 | T13: 0.9 | U13: 0.7 | V13: 99 | W13: 1008 | X13: 15.9
A14: 45806 | B14: =IF(A14="","",VLOOKUP(Planilla!A14,#REF!,2,FALSE)) -> #REF! | C14: =IF(B14="","",VLOOKUP(Planilla!A14,#REF!,3,FALSE)) -> #REF! | D14: Preventivo | E14: Probabilidad de Hielo | F14: Rociado | G14: Tractor MF7615 2019 | H14: Rociador de Glicol Capurelli | J14: 1300 | K14: Pista, cabeceras y rodajes | M14: =IF(K14="",0,VLOOKUP(K14,#REF!,2,FALSE)) -> #REF! | N14: =IF(L14="",0,VLOOKUP(L14,#REF!,2,FALSE)) -> 0 | O14: =M14+N14 -> #REF! | P14: =IF(F14="Barrido","",O14) -> #REF! | Q14: =IF(F14="Barrido",O14,"") | R14: =IF(I14<>"0",I14,"") -> 0 | S14: =IF(J14<>"0",J14,"") -> 1300 | T14: 1.5 | U14: 1.2 | V14: 98 | W14: 1009 | X14: 18.9
A15: 45806 | B15: =IF(A15="","",VLOOKUP(Planilla!A15,#REF!,2,FALSE)) -> #REF! | C15: =IF(B15="","",VLOOKUP(Planilla!A15,#REF!,3,FALSE)) -> #REF! | D15: Preventivo | E15: Probabilidad de Hielo | F15: Prueba de frenado | G15: Movil 1 AB743ZN | H15: Descelerometro | K15: Pista | M15: =IF(K15="",0,VLOOKUP(K15,#REF!,2,FALSE)) -> #REF! | N15: =IF(L15="",0,VLOOKUP(L15,#REF!,2,FALSE)) -> 0 | O15: =M15+N15 -> #REF! | P15: =IF(F15="Barrido","",O15) -> #REF! | Q15: =IF(F15="Barrido",O15,"") | R15: =IF(I15<>"0",I15,"") -> 0 | S15: =IF(J15<>"0",J15,"") -> 0 | T15: 2.2 | U15: 1.8 | V15: 98 | W15: 1009 | X15: 4.6
A16: 45807 | B16: =IF(A16="","",VLOOKUP(Planilla!A16,#REF!,2,FALSE)) -> #REF! | C16: =IF(B16="","",VLOOKUP(Planilla!A16,#REF!,3,FALSE)) -> #REF! | D16: Preventivo | E16: Probabilidad de Hielo | F16: Prueba de frenado | G16: Movil 1 AB743ZN | H16: Descelerometro | K16: Pista | M16: =IF(K16="",0,VLOOKUP(K16,#REF!,2,FALSE)) -> #REF! | N16: =IF(L16="",0,VLOOKUP(L16,#REF!,2,FALSE)) -> 0 | O16: =M16+N16 -> #REF! | P16: =IF(F16="Barrido","",O16) -> #REF! | Q16: =IF(F16="Barrido",O16,"") | R16: =IF(I16<>"0",I16,"") -> 0 | S16: =IF(J16<>"0",J16,"") -> 0 | T16: 5.9 | U16: 5.6 | V16: 98 | W16: 1002 | X16: 6.9
A17: 45808 | B17: =IF(A17="","",VLOOKUP(Planilla!A17,#REF!,2,FALSE)) -> #REF! | C17: =IF(B17="","",VLOOKUP(Planilla!A17,#REF!,3,FALSE)) -> #REF! | D17: Preventivo | E17: Probabilidad de Hielo | F17: Barrido | G17: Tractor MF7615 2018 | H17: Barredora MB 3616 TRT 2018 | K17: Plataforma | M17: =IF(K17="",0,VLOOKUP(K17,#REF!,2,FALSE)) -> #REF! | N17: =IF(L17="",0,VLOOKUP(L17,#REF!,2,FALSE)) -> 0 | O17: =M17+N17 -> #REF! | P17: =IF(F17="Barrido","",O17) | Q17: =IF(F17="Barrido",O17,"") -> #REF! | R17: =IF(I17<>"0",I17,"") -> 0 | S17: =IF(J17<>"0",J17,"") -> 0 | T17: 2.6 | U17: 2.4 | V17: 99 | W17: 1011 | X17: 8.4
A18: 45808 | B18: =IF(A18="","",VLOOKUP(Planilla!A18,#REF!,2,FALSE)) -> #REF! | C18: =IF(B18="","",VLOOKUP(Planilla!A18,#REF!,3,FALSE)) -> #REF! | D18: Preventivo | E18: Probabilidad de Hielo | F18: Esparcido | G18: Tractor Agco Allis | H18: Esparcidor Urea Cyra | I18: 250 | K18: Plataforma | M18: =IF(K18="",0,VLOOKUP(K18,#REF!,2,FALSE)) -> #REF! | N18: =IF(L18="",0,VLOOKUP(L18,#REF!,2,FALSE)) -> 0 | O18: =M18+N18 -> #REF! | P18: =IF(F18="Barrido","",O18) -> #REF! | Q18: =IF(F18="Barrido",O18,"") | R18: =IF(I18<>"0",I18,"") -> 250 | S18: =IF(J18<>"0",J18,"") -> 0 | T18: 2.3 | U18: 1.9 | V18: 97 | W18: 1011 | X18: 10.3
A19: 45809 | B19: =IF(A19="","",VLOOKUP(Planilla!A19,#REF!,2,FALSE)) -> #REF! | C19: =IF(B19="","",VLOOKUP(Planilla!A19,#REF!,3,FALSE)) -> #REF! | D19: Preventivo | E19: Probabilidad de Hielo | F19: Barrido | G19: Tractor MF7615 2018 | H19: Barredora MB 3616 TRT 2018 | K19: Plataforma | M19: =IF(K19="",0,VLOOKUP(K19,#REF!,2,FALSE)) -> #REF! | N19: =IF(L19="",0,VLOOKUP(L19,#REF!,2,FALSE)) -> 0 | O19: =M19+N19 -> #REF! | P19: =IF(F19="Barrido","",O19) | Q19: =IF(F19="Barrido",O19,"") -> #REF! | R19: =IF(I19<>"0",I19,"") -> 0 | S19: =IF(J19<>"0",J19,"") -> 0 | T19: 2.6 | U19: 2.3 | V19: 98 | W19: 995 | X19: 8.7
A20: 45809 | B20: =IF(A20="","",VLOOKUP(Planilla!A20,#REF!,2,FALSE)) -> #REF! | C20: =IF(B20="","",VLOOKUP(Planilla!A20,#REF!,3,FALSE)) -> #REF! | D20: Preventivo | E20: Probabilidad de Hielo | F20: Esparcido | G20: Tractor Agco Allis | H20: Esparcidor Urea Cyra | I20: 375 | K20: Plataforma | M20: =IF(K20="",0,VLOOKUP(K20,#REF!,2,FALSE)) -> #REF! | N20: =IF(L20="",0,VLOOKUP(L20,#REF!,2,FALSE)) -> 0 | O20: =M20+N20 -> #REF! | P20: =IF(F20="Barrido","",O20) -> #REF! | Q20: =IF(F20="Barrido",O20,"") | R20: =IF(I20<>"0",I20,"") -> 375 | S20: =IF(J20<>"0",J20,"") -> 0 | T20: 2.1 | U20: 1.8 | V20: 98 | W20: 994 | X20: 6.4
A21: 45809 | B21: =IF(A21="","",VLOOKUP(Planilla!A21,#REF!,2,FALSE)) -> #REF! | C21: =IF(B21="","",VLOOKUP(Planilla!A21,#REF!,3,FALSE)) -> #REF! | D21: Preventivo | E21: Probabilidad de Hielo | F21: Otros esparcido | G21: Manual | H21: Herramientas manuales | I21: 25 | L21: Parking | M21: =IF(K21="",0,VLOOKUP(K21,#REF!,2,FALSE)) -> 0 | N21: =IF(L21="",0,VLOOKUP(L21,#REF!,2,FALSE)) -> #REF! | O21: =M21+N21 -> #REF! | P21: =IF(F21="Barrido","",O21) -> #REF! | Q21: =IF(F21="Barrido",O21,"") | R21: =IF(I21<>"0",I21,"") -> 25 | S21: =IF(J21<>"0",J21,"") -> 0 | T21: 2.3 | U21: 1.9 | V21: 97 | W21: 994 | X21: 14
A22: 45810 | B22: =IF(A22="","",VLOOKUP(Planilla!A22,#REF!,2,FALSE)) -> #REF! | C22: =IF(B22="","",VLOOKUP(Planilla!A22,#REF!,3,FALSE)) -> #REF! | D22: Preventivo | E22: Rocio helado | F22: Rociado | G22: Tractor MF7615 2019 | H22: Rociador de Glicol Capurelli | J22: 1000 | K22: Pista, cabeceras y rodajes | M22: =IF(K22="",0,VLOOKUP(K22,#REF!,2,FALSE)) -> #REF! | N22: =IF(L22="",0,VLOOKUP(L22,#REF!,2,FALSE)) -> 0 | O22: =M22+N22 -> #REF! | P22: =IF(F22="Barrido","",O22) -> #REF! | Q22: =IF(F22="Barrido",O22,"") | R22: =IF(I22<>"0",I22,"") -> 0 | S22: =IF(J22<>"0",J22,"") -> 1000 | T22: -1.4 | U22: -1.6 | V22: 96 | W22: 1000 | X22: 6.3
A23: 45811 | B23: =IF(A23="","",VLOOKUP(Planilla!A23,#REF!,2,FALSE)) -> #REF! | C23: =IF(B23="","",VLOOKUP(Planilla!A23,#REF!,3,FALSE)) -> #REF! | D23: Preventivo | E23: Probabilidad de Hielo | F23: Barrido | G23: Tractor MF7615 2018 | H23: Barredora MB 3616 TRT 2018 | K23: Plataforma | M23: =IF(K23="",0,VLOOKUP(K23,#REF!,2,FALSE)) -> #REF! | N23: =IF(L23="",0,VLOOKUP(L23,#REF!,2,FALSE)) -> 0 | O23: =M23+N23 -> #REF! | P23: =IF(F23="Barrido","",O23) | Q23: =IF(F23="Barrido",O23,"") -> #REF! | R23: =IF(I23<>"0",I23,"") -> 0 | S23: =IF(J23<>"0",J23,"") -> 0 | T23: 2.2 | U23: 0.8 | V23: 90 | W23: 1003 | X23: 3.8
A24: 45813 | B24: =IF(A24="","",VLOOKUP(Planilla!A24,#REF!,2,FALSE)) -> #REF! | C24: =IF(B24="","",VLOOKUP(Planilla!A24,#REF!,3,FALSE)) -> #REF! | D24: Preventivo | E24: Probabilidad de Hielo | F24: Barrido | G24: Tractor MF7615 2018 | H24: Barredora MB 3616 TRT 2018 | K24: Plataforma | M24: =IF(K24="",0,VLOOKUP(K24,#REF!,2,FALSE)) -> #REF! | N24: =IF(L24="",0,VLOOKUP(L24,#REF!,2,FALSE)) -> 0 | O24: =M24+N24 -> #REF! | P24: =IF(F24="Barrido","",O24) | Q24: =IF(F24="Barrido",O24,"") -> #REF! | R24: =IF(I24<>"0",I24,"") -> 0 | S24: =IF(J24<>"0",J24,"") -> 0 | T24: 0.4 | U24: 0 | V24: 91 | W24: 1005.2 | X24: 10
A25: 45814 | B25: =IF(A25="","",VLOOKUP(Planilla!A25,#REF!,2,FALSE)) -> #REF! | C25: =IF(B25="","",VLOOKUP(Planilla!A25,#REF!,3,FALSE)) -> #REF! | D25: Preventivo | E25: Escarcha Frost | F25: Rociado | G25: Tractor MF7615 2019 | H25: Rociador de Glicol Capurelli | J25: 1800 | K25: Pista, cabeceras, rodajes y plataforma | M25: =IF(K25="",0,VLOOKUP(K25,#REF!,2,FALSE)) -> #REF! | N25: =IF(L25="",0,VLOOKUP(L25,#REF!,2,FALSE)) -> 0 | O25: =M25+N25 -> #REF! | P25: =IF(F25="Barrido","",O25) -> #REF! | Q25: =IF(F25="Barrido",O25,"") | R25: =IF(I25<>"0",I25,"") -> 0 | S25: =IF(J25<>"0",J25,"") -> 1800 | T25: 0 | U25: -1 | V25: 93 | W25: 1010.2 | X25: 1.8
A26: 45814 | B26: =IF(A26="","",VLOOKUP(Planilla!A26,#REF!,2,FALSE)) -> #REF! | C26: =IF(B26="","",VLOOKUP(Planilla!A26,#REF!,3,FALSE)) -> #REF! | D26: Preventivo | E26: Escarcha Frost | F26: Rociado | G26: Tractor MF7615 2019 | H26: Rociador de Glicol Capurelli | J26: 600 | K26: Parking | L26: Otros | M26: =IF(K26="",0,VLOOKUP(K26,#REF!,2,FALSE)) -> #REF! | N26: =IF(L26="",0,VLOOKUP(L26,#REF!,2,FALSE)) -> #REF! | O26: =M26+N26 -> #REF! | P26: =IF(F26="Barrido","",O26) -> #REF! | Q26: =IF(F26="Barrido",O26,"") | R26: =IF(I26<>"0",I26,"") -> 0 | S26: =IF(J26<>"0",J26,"") -> 600 | T26: 0.9 | U26: -1 | V26: 89 | W26: 1005.7 | X26: 10
A27: 45815 | B27: =IF(A27="","",VLOOKUP(Planilla!A27,#REF!,2,FALSE)) -> #REF! | C27: =IF(B27="","",VLOOKUP(Planilla!A27,#REF!,3,FALSE)) -> #REF! | D27: Preventivo | E27: Probabilidad de Hielo | F27: Prueba de frenado | G27: Movil 1 AB743ZN | H27: Descelerometro | K27: Pista | M27: =IF(K27="",0,VLOOKUP(K27,#REF!,2,FALSE)) -> #REF! | N27: =IF(L27="",0,VLOOKUP(L27,#REF!,2,FALSE)) -> 0 | O27: =M27+N27 -> #REF! | P27: =IF(F27="Barrido","",O27) -> #REF! | Q27: =IF(F27="Barrido",O27,"") | R27: =IF(I27<>"0",I27,"") -> 0 | S27: =IF(J27<>"0",J27,"") -> 0 | T27: -2 | U27: -4 | V27: 99 | W27: 1020 | X27: 6.1
A28: 45815 | B28: =IF(A28="","",VLOOKUP(Planilla!A28,#REF!,2,FALSE)) -> #REF! | C28: =IF(B28="","",VLOOKUP(Planilla!A28,#REF!,3,FALSE)) -> #REF! | D28: Preventivo | E28: Probabilidad de Hielo | F28: Rociado | G28: Tractor MF7615 2019 | H28: Rociador de Glicol Capurelli | J28: 1100 | K28: Pista y cabeceras | L28: Plataforma | M28: =IF(K28="",0,VLOOKUP(K28,#REF!,2,FALSE)) -> #REF! | N28: =IF(L28="",0,VLOOKUP(L28,#REF!,2,FALSE)) -> #REF! | O28: =M28+N28 -> #REF! | P28: =IF(F28="Barrido","",O28) -> #REF! | Q28: =IF(F28="Barrido",O28,"") | R28: =IF(I28<>"0",I28,"") -> 0 | S28: =IF(J28<>"0",J28,"") -> 1100 | T28: -1 | U28: -1 | V28: 100 | W28: 1017 | X28: 10
A29: 45820 | B29: =IF(A29="","",VLOOKUP(Planilla!A29,#REF!,2,FALSE)) -> #REF! | C29: =IF(B29="","",VLOOKUP(Planilla!A29,#REF!,3,FALSE)) -> #REF! | D29: Preventivo | E29: Probabilidad de Hielo | F29: Barrido | G29: Tractor MF7615 2018 | H29: Barredora MB 3616 TRT 2018 | K29: Plataforma | M29: =IF(K29="",0,VLOOKUP(K29,#REF!,2,FALSE)) -> #REF! | N29: =IF(L29="",0,VLOOKUP(L29,#REF!,2,FALSE)) -> 0 | O29: =M29+N29 -> #REF! | P29: =IF(F29="Barrido","",O29) | Q29: =IF(F29="Barrido",O29,"") -> #REF! | R29: =IF(I29<>"0",I29,"") -> 0 | S29: =IF(J29<>"0",J29,"") -> 0 | T29: 4 | U29: 3 | V29: 99 | W29: 1002 | X29: 2.9
A30: 45823 | B30: =IF(A30="","",VLOOKUP(Planilla!A30,#REF!,2,FALSE)) -> #REF! | C30: =IF(B30="","",VLOOKUP(Planilla!A30,#REF!,3,FALSE)) -> #REF! | D30: Preventivo | E30: Rocio helado | F30: Prueba de frenado | G30: Movil 1 AB743ZN | H30: Descelerometro | K30: Pista | M30: =IF(K30="",0,VLOOKUP(K30,#REF!,2,FALSE)) -> #REF! | N30: =IF(L30="",0,VLOOKUP(L30,#REF!,2,FALSE)) -> 0 | O30: =M30+N30 -> #REF! | P30: =IF(F30="Barrido","",O30) -> #REF! | Q30: =IF(F30="Barrido",O30,"") | R30: =IF(I30<>"0",I30,"") -> 0 | S30: =IF(J30<>"0",J30,"") -> 0 | T30: -0.6 | U30: -0.8 | V30: 99 | W30: 1005 | X30: 3.6
A31: 45823 | B31: =IF(A31="","",VLOOKUP(Planilla!A31,#REF!,2,FALSE)) -> #REF! | C31: =IF(B31="","",VLOOKUP(Planilla!A31,#REF!,3,FALSE)) -> #REF! | D31: Preventivo | E31: Rocio helado | F31: Prueba de frenado | G31: Movil 1 AB743ZN | H31: Descelerometro | K31: Pista | M31: =IF(K31="",0,VLOOKUP(K31,#REF!,2,FALSE)) -> #REF! | N31: =IF(L31="",0,VLOOKUP(L31,#REF!,2,FALSE)) -> 0 | O31: =M31+N31 -> #REF! | P31: =IF(F31="Barrido","",O31) -> #REF! | Q31: =IF(F31="Barrido",O31,"") | R31: =IF(I31<>"0",I31,"") -> 0 | S31: =IF(J31<>"0",J31,"") -> 0 | T31: -1.3 | U31: -1.5 | V31: 99 | W31: 1005 | X31: 4.2
A32: 45823 | B32: =IF(A32="","",VLOOKUP(Planilla!A32,#REF!,2,FALSE)) -> #REF! | C32: =IF(B32="","",VLOOKUP(Planilla!A32,#REF!,3,FALSE)) -> #REF! | D32: Preventivo | E32: Rocio helado | F32: Prueba de frenado | G32: Movil 1 AB743ZN | H32: Descelerometro | K32: Pista | M32: =IF(K32="",0,VLOOKUP(K32,#REF!,2,FALSE)) -> #REF! | N32: =IF(L32="",0,VLOOKUP(L32,#REF!,2,FALSE)) -> 0 | O32: =M32+N32 -> #REF! | P32: =IF(F32="Barrido","",O32) -> #REF! | Q32: =IF(F32="Barrido",O32,"") | R32: =IF(I32<>"0",I32,"") -> 0 | S32: =IF(J32<>"0",J32,"") -> 0 | T32: -2.7 | U32: -2.9 | V32: 99 | W32: 1004 | X32: 7.5
A33: 45824 | B33: =IF(A33="","",VLOOKUP(Planilla!A33,#REF!,2,FALSE)) -> #REF! | C33: =IF(B33="","",VLOOKUP(Planilla!A33,#REF!,3,FALSE)) -> #REF! | D33: Preventivo | E33: Rocio helado | F33: Prueba de frenado | G33: Movil 1 AB743ZN | H33: Descelerometro | K33: Pista | M33: =IF(K33="",0,VLOOKUP(K33,#REF!,2,FALSE)) -> #REF! | N33: =IF(L33="",0,VLOOKUP(L33,#REF!,2,FALSE)) -> 0 | O33: =M33+N33 -> #REF! | P33: =IF(F33="Barrido","",O33) -> #REF! | Q33: =IF(F33="Barrido",O33,"") | R33: =IF(I33<>"0",I33,"") -> 0 | S33: =IF(J33<>"0",J33,"") -> 0 | T33: -3.2 | U33: -3.3 | V33: 99 | W33: 1004 | X33: 4.8
A34: 45823 | B34: =IF(A34="","",VLOOKUP(Planilla!A34,#REF!,2,FALSE)) -> #REF! | C34: =IF(B34="","",VLOOKUP(Planilla!A34,#REF!,3,FALSE)) -> #REF! | D34: Preventivo | E34: Rocio helado | F34: Rociado | G34: Tractor MF7615 2019 | H34: Rociador de Glicol Capurelli | J34: 2750 | K34: Pista, cabeceras, rodajes y plataforma | M34: =IF(K34="",0,VLOOKUP(K34,#REF!,2,FALSE)) -> #REF! | N34: =IF(L34="",0,VLOOKUP(L34,#REF!,2,FALSE)) -> 0 | O34: =M34+N34 -> #REF! | P34: =IF(F34="Barrido","",O34) -> #REF! | Q34: =IF(F34="Barrido",O34,"") | R34: =IF(I34<>"0",I34,"") -> 0 | S34: =IF(J34<>"0",J34,"") -> 2750 | T34: -3 | U34: -3.2 | V34: 99 | W34: 1005 | X34: 4.5
A35: 45824 | B35: =IF(A35="","",VLOOKUP(Planilla!A35,#REF!,2,FALSE)) -> #REF! | C35: =IF(B35="","",VLOOKUP(Planilla!A35,#REF!,3,FALSE)) -> #REF! | D35: Preventivo | E35: Rocio helado | F35: Rociado | G35: Tractor MF7615 2019 | H35: Rociador de Glicol Capurelli | J35: 850 | K35: Cabeceras, plataforma | L35: Parking | M35: =IF(K35="",0,VLOOKUP(K35,#REF!,2,FALSE)) -> #REF! | N35: =IF(L35="",0,VLOOKUP(L35,#REF!,2,FALSE)) -> #REF! | O35: =M35+N35 -> #REF! | P35: =IF(F35="Barrido","",O35) -> #REF! | Q35: =IF(F35="Barrido",O35,"") | R35: =IF(I35<>"0",I35,"") -> 0 | S35: =IF(J35<>"0",J35,"") -> 850 | T35: -3.7 | U35: -3.9 | V35: 99 | W35: 1004 | X35: 0.4
A36: 45824 | B36: =IF(A36="","",VLOOKUP(Planilla!A36,#REF!,2,FALSE)) -> #REF! | C36: =IF(B36="","",VLOOKUP(Planilla!A36,#REF!,3,FALSE)) -> #REF! | D36: Preventivo | E36: Rocio helado | F36: Prueba de frenado | G36: Movil 1 AB743ZN | H36: Descelerometro | K36: Pista | M36: =IF(K36="",0,VLOOKUP(K36,#REF!,2,FALSE)) -> #REF! | N36: =IF(L36="",0,VLOOKUP(L36,#REF!,2,FALSE)) -> 0 | O36: =M36+N36 -> #REF! | P36: =IF(F36="Barrido","",O36) -> #REF! | Q36: =IF(F36="Barrido",O36,"") | R36: =IF(I36<>"0",I36,"") -> 0 | S36: =IF(J36<>"0",J36,"") -> 0 | T36: -5.2 | U36: -5.4 | V36: 99 | W36: 1004 | X36: 3.5
A37: 45824 | B37: =IF(A37="","",VLOOKUP(Planilla!A37,#REF!,2,FALSE)) -> #REF! | C37: =IF(B37="","",VLOOKUP(Planilla!A37,#REF!,3,FALSE)) -> #REF! | D37: Preventivo | E37: Rocio helado | F37: Rociado | G37: Tractor MF7615 2019 | H37: Rociador de Glicol Capurelli | J37: 1000 | K37: Pista, cabeceras, rodajes y plataforma | M37: =IF(K37="",0,VLOOKUP(K37,#REF!,2,FALSE)) -> #REF! | N37: =IF(L37="",0,VLOOKUP(L37,#REF!,2,FALSE)) -> 0 | O37: =M37+N37 -> #REF! | P37: =IF(F37="Barrido","",O37) -> #REF! | Q37: =IF(F37="Barrido",O37,"") | R37: =IF(I37<>"0",I37,"") -> 0 | S37: =IF(J37<>"0",J37,"") -> 1000 | T37: -6 | U37: -5 | V37: 99 | W37: 1002 | X37: 0
A38: 45824 | B38: =IF(A38="","",VLOOKUP(Planilla!A38,#REF!,2,FALSE)) -> #REF! | C38: =IF(B38="","",VLOOKUP(Planilla!A38,#REF!,3,FALSE)) -> #REF! | D38: Preventivo | E38: Probabilidad de Hielo | F38: Prueba de frenado | G38: Movil 1 AB743ZN | H38: Descelerometro | K38: Pista | M38: =IF(K38="",0,VLOOKUP(K38,#REF!,2,FALSE)) -> #REF! | N38: =IF(L38="",0,VLOOKUP(L38,#REF!,2,FALSE)) -> 0 | O38: =M38+N38 -> #REF! | P38: =IF(F38="Barrido","",O38) -> #REF! | Q38: =IF(F38="Barrido",O38,"") | R38: =IF(I38<>"0",I38,"") -> 0 | S38: =IF(J38<>"0",J38,"") -> 0 | T38: 1 | U38: 0 | V38: 98 | W38: 1024 | X38: 12
A39: 45824 | B39: =IF(A39="","",VLOOKUP(Planilla!A39,#REF!,2,FALSE)) -> #REF! | C39: =IF(B39="","",VLOOKUP(Planilla!A39,#REF!,3,FALSE)) -> #REF! | D39: Preventivo | E39: Probabilidad de Hielo | F39: Prueba de frenado | G39: Movil 1 AB743ZN | H39: Descelerometro | K39: Pista | M39: =IF(K39="",0,VLOOKUP(K39,#REF!,2,FALSE)) -> #REF! | N39: =IF(L39="",0,VLOOKUP(L39,#REF!,2,FALSE)) -> 0 | O39: =M39+N39 -> #REF! | P39: =IF(F39="Barrido","",O39) -> #REF! | Q39: =IF(F39="Barrido",O39,"") | R39: =IF(I39<>"0",I39,"") -> 0 | S39: =IF(J39<>"0",J39,"") -> 0 | T39: 0 | U39: 0 | V39: 97 | W39: 1024 | X39: 12
A40: 45825 | B40: =IF(A40="","",VLOOKUP(Planilla!A40,#REF!,2,FALSE)) -> #REF! | C40: =IF(B40="","",VLOOKUP(Planilla!A40,#REF!,3,FALSE)) -> #REF! | D40: Preventivo | E40: Probabilidad de Hielo | F40: Rociado | G40: Tractor MF7615 2019 | H40: Rociador de Glicol Capurelli | J40: 500 | K40: Parking, sendas peatonales | M40: =IF(K40="",0,VLOOKUP(K40,#REF!,2,FALSE)) -> #REF! | N40: =IF(L40="",0,VLOOKUP(L40,#REF!,2,FALSE)) -> 0 | O40: =M40+N40 -> #REF! | P40: =IF(F40="Barrido","",O40) -> #REF! | Q40: =IF(F40="Barrido",O40,"") | R40: =IF(I40<>"0",I40,"") -> 0 | S40: =IF(J40<>"0",J40,"") -> 500 | T40: -0.5 | U40: -1 | V40: 95 | W40: 1003 | X40: 18.7
A41: 45825 | B41: =IF(A41="","",VLOOKUP(Planilla!A41,#REF!,2,FALSE)) -> #REF! | C41: =IF(B41="","",VLOOKUP(Planilla!A41,#REF!,3,FALSE)) -> #REF! | D41: Preventivo | E41: Probabilidad de Hielo | F41: Rociado | G41: Tractor MF7615 2019 | H41: Rociador de Glicol Capurelli | J41: 1800 | K41: Pista, cabeceras y rodajes | M41: =IF(K41="",0,VLOOKUP(K41,#REF!,2,FALSE)) -> #REF! | N41: =IF(L41="",0,VLOOKUP(L41,#REF!,2,FALSE)) -> 0 | O41: =M41+N41 -> #REF! | P41: =IF(F41="Barrido","",O41) -> #REF! | Q41: =IF(F41="Barrido",O41,"") | R41: =IF(I41<>"0",I41,"") -> 0 | S41: =IF(J41<>"0",J41,"") -> 1800 | T41: -1.3 | U41: -2 | V41: 95 | W41: 1003 | X41: 6.5
A42: 45825 | B42: =IF(A42="","",VLOOKUP(Planilla!A42,#REF!,2,FALSE)) -> #REF! | C42: =IF(B42="","",VLOOKUP(Planilla!A42,#REF!,3,FALSE)) -> #REF! | D42: Preventivo | E42: Probabilidad de Nieve | F42: Prueba de frenado | G42: Movil 1 AB743ZN | H42: Descelerometro | K42: Pista | M42: =IF(K42="",0,VLOOKUP(K42,#REF!,2,FALSE)) -> #REF! | N42: =IF(L42="",0,VLOOKUP(L42,#REF!,2,FALSE)) -> 0 | O42: =M42+N42 -> #REF! | P42: =IF(F42="Barrido","",O42) -> #REF! | Q42: =IF(F42="Barrido",O42,"") | R42: =IF(I42<>"0",I42,"") -> 0 | S42: =IF(J42<>"0",J42,"") -> 0 | T42: -1.5 | U42: -3 | V42: 95 | W42: 1003 | X42: 5.4
A43: 45826 | B43: =IF(A43="","",VLOOKUP(Planilla!A43,#REF!,2,FALSE)) -> #REF! | C43: =IF(B43="","",VLOOKUP(Planilla!A43,#REF!,3,FALSE)) -> #REF! | D43: Preventivo | E43: Rocio helado | F43: Prueba de frenado | G43: Movil 1 AB743ZN | H43: Descelerometro | K43: Pista | M43: =IF(K43="",0,VLOOKUP(K43,#REF!,2,FALSE)) -> #REF! | N43: =IF(L43="",0,VLOOKUP(L43,#REF!,2,FALSE)) -> 0 | O43: =M43+N43 -> #REF! | P43: =IF(F43="Barrido","",O43) -> #REF! | Q43: =IF(F43="Barrido",O43,"") | R43: =IF(I43<>"0",I43,"") -> 0 | S43: =IF(J43<>"0",J43,"") -> 0 | T43: -2.4 | U43: -4 | V43: 95 | W43: 1010 | X43: 6.1
A44: 45826 | B44: =IF(A44="","",VLOOKUP(Planilla!A44,#REF!,2,FALSE)) -> #REF! | C44: =IF(B44="","",VLOOKUP(Planilla!A44,#REF!,3,FALSE)) -> #REF! | D44: Preventivo | E44: Rocio helado | F44: Rociado | G44: Tractor MF7719 2025 | H44: Rociador de Glicol Capurelli | J44: 1600 | K44: Pista, cabeceras, rodajes y plataforma | M44: =IF(K44="",0,VLOOKUP(K44,#REF!,2,FALSE)) -> #REF! | N44: =IF(L44="",0,VLOOKUP(L44,#REF!,2,FALSE)) -> 0 | O44: =M44+N44 -> #REF! | P44: =IF(F44="Barrido","",O44) -> #REF! | Q44: =IF(F44="Barrido",O44,"") | R44: =IF(I44<>"0",I44,"") -> 0 | S44: =IF(J44<>"0",J44,"") -> 1600 | T44: -5.9 | U44: -6 | V44: 99 | W44: 1010 | X44: 2.9
A45: 45826 | B45: =IF(A45="","",VLOOKUP(Planilla!A45,#REF!,2,FALSE)) -> #REF! | C45: =IF(B45="","",VLOOKUP(Planilla!A45,#REF!,3,FALSE)) -> #REF! | D45: Preventivo | E45: Rocio helado | F45: Prueba de frenado | G45: Movil 1 AB743ZN | H45: Descelerometro | K45: Pista | M45: =IF(K45="",0,VLOOKUP(K45,#REF!,2,FALSE)) -> #REF! | N45: =IF(L45="",0,VLOOKUP(L45,#REF!,2,FALSE)) -> 0 | O45: =M45+N45 -> #REF! | P45: =IF(F45="Barrido","",O45) -> #REF! | Q45: =IF(F45="Barrido",O45,"") | R45: =IF(I45<>"0",I45,"") -> 0 | S45: =IF(J45<>"0",J45,"") -> 0 | T45: -5.1 | U45: -7 | V45: 95 | W45: 1004.6 | X45: 8
A46: 45827 | B46: =IF(A46="","",VLOOKUP(Planilla!A46,#REF!,2,FALSE)) -> #REF! | C46: =IF(B46="","",VLOOKUP(Planilla!A46,#REF!,3,FALSE)) -> #REF! | D46: Preventivo | E46: Probabilidad de Hielo | F46: Barrido | G46: Tractor MF7615 2018 | H46: Barredora MB 3616 TRT 2018 | K46: Plataforma | M46: =IF(K46="",0,VLOOKUP(K46,#REF!,2,FALSE)) -> #REF! | N46: =IF(L46="",0,VLOOKUP(L46,#REF!,2,FALSE)) -> 0 | O46: =M46+N46 -> #REF! | P46: =IF(F46="Barrido","",O46) | Q46: =IF(F46="Barrido",O46,"") -> #REF! | R46: =IF(I46<>"0",I46,"") -> 0 | S46: =IF(J46<>"0",J46,"") -> 0 | T46: 0.6 | U46: 1 | V46: 99 | W46: 1000.7 | X46: 0
A47: 45827 | B47: =IF(A47="","",VLOOKUP(Planilla!A47,#REF!,2,FALSE)) -> #REF! | C47: =IF(B47="","",VLOOKUP(Planilla!A47,#REF!,3,FALSE)) -> #REF! | D47: Preventivo | E47: Probabilidad de Hielo | F47: Prueba de frenado | G47: Movil 1 AB743ZN | H47: Descelerometro | K47: Pista | M47: =IF(K47="",0,VLOOKUP(K47,#REF!,2,FALSE)) -> #REF! | N47: =IF(L47="",0,VLOOKUP(L47,#REF!,2,FALSE)) -> 0 | O47: =M47+N47 -> #REF! | P47: =IF(F47="Barrido","",O47) -> #REF! | Q47: =IF(F47="Barrido",O47,"") | R47: =IF(I47<>"0",I47,"") -> 0 | S47: =IF(J47<>"0",J47,"") -> 0 | T47: 0 | U47: -2 | V47: 99 | W47: 1000 | X47: 0
A48: 45827 | B48: =IF(A48="","",VLOOKUP(Planilla!A48,#REF!,2,FALSE)) -> #REF! | C48: =IF(B48="","",VLOOKUP(Planilla!A48,#REF!,3,FALSE)) -> #REF! | D48: Preventivo | E48: Probabilidad de Hielo | F48: Rociado | G48: Tractor MF7615 2019 | H48: Rociador de Glicol Capurelli | J48: 2000 | K48: Pista, cabeceras, rodajes y plataforma | M48: =IF(K48="",0,VLOOKUP(K48,#REF!,2,FALSE)) -> #REF! | N48: =IF(L48="",0,VLOOKUP(L48,#REF!,2,FALSE)) -> 0 | O48: =M48+N48 -> #REF! | P48: =IF(F48="Barrido","",O48) -> #REF! | Q48: =IF(F48="Barrido",O48,"") | R48: =IF(I48<>"0",I48,"") -> 0 | S48: =IF(J48<>"0",J48,"") -> 2000 | T48: 0 | U48: -2 | V48: 99 | W48: 1000 | X48: 0
A49: 45827 | B49: =IF(A49="","",VLOOKUP(Planilla!A49,#REF!,2,FALSE)) -> #REF! | C49: =IF(B49="","",VLOOKUP(Planilla!A49,#REF!,3,FALSE)) -> #REF! | D49: Correctivo | E49: Escarcha Frost | F49: Rociado | G49: Tractor MF7615 2019 | H49: Rociador de Glicol Capurelli | J49: 500 | K49: Parking, sendas peatonales | L49: Otros | M49: =IF(K49="",0,VLOOKUP(K49,#REF!,2,FALSE)) -> #REF! | N49: =IF(L49="",0,VLOOKUP(L49,#REF!,2,FALSE)) -> #REF! | O49: =M49+N49 -> #REF! | P49: =IF(F49="Barrido","",O49) -> #REF! | Q49: =IF(F49="Barrido",O49,"") | R49: =IF(I49<>"0",I49,"") -> 0 | S49: =IF(J49<>"0",J49,"") -> 500 | T49: 2 | U49: 1 | V49: 99 | W49: 995 | X49: 0
A50: 45827 | B50: =IF(A50="","",VLOOKUP(Planilla!A50,#REF!,2,FALSE)) -> #REF! | C50: =IF(B50="","",VLOOKUP(Planilla!A50,#REF!,3,FALSE)) -> #REF! | D50: Preventivo | E50: Probabilidad de Hielo | F50: Barrido | G50: Tractor MF7615 2018 | H50: Barredora MB 3616 TRT 2018 | K50: Plataforma | M50: =IF(K50="",0,VLOOKUP(K50,#REF!,2,FALSE)) -> #REF! | N50: =IF(L50="",0,VLOOKUP(L50,#REF!,2,FALSE)) -> 0 | O50: =M50+N50 -> #REF! | P50: =IF(F50="Barrido","",O50) | Q50: =IF(F50="Barrido",O50,"") -> #REF! | R50: =IF(I50<>"0",I50,"") -> 0 | S50: =IF(J50<>"0",J50,"") -> 0 | T50: 1.9 | U50: 1 | V50: 93 | W50: 998 | X50: 13
A51: 45828 | B51: =IF(A51="","",VLOOKUP(Planilla!A51,#REF!,2,FALSE)) -> #REF! | C51: =IF(B51="","",VLOOKUP(Planilla!A51,#REF!,3,FALSE)) -> #REF! | D51: Preventivo | E51: Escarcha Frost | F51: Rociado | G51: Tractor MF7615 2019 | H51: Rociador de Glicol Capurelli | J51: 600 | K51: Pista, cabeceras y rodajes | M51: =IF(K51="",0,VLOOKUP(K51,#REF!,2,FALSE)) -> #REF! | N51: =IF(L51="",0,VLOOKUP(L51,#REF!,2,FALSE)) -> 0 | O51: =M51+N51 -> #REF! | P51: =IF(F51="Barrido","",O51) -> #REF! | Q51: =IF(F51="Barrido",O51,"") | R51: =IF(I51<>"0",I51,"") -> 0 | S51: =IF(J51<>"0",J51,"") -> 600 | T51: -0.6 | U51: 1 | V51: 95 | W51: 1010.4
A52: 45831 | B52: =IF(A52="","",VLOOKUP(Planilla!A52,#REF!,2,FALSE)) -> #REF! | C52: =IF(B52="","",VLOOKUP(Planilla!A52,#REF!,3,FALSE)) -> #REF! | D52: Preventivo | E52: Nieve | F52: Esparcido | G52: Tractor MF7719 2025 | H52: Esparcidor Urea Cyra | I52: 1000 | K52: Pista y cabeceras | M52: =IF(K52="",0,VLOOKUP(K52,#REF!,2,FALSE)) -> #REF! | N52: =IF(L52="",0,VLOOKUP(L52,#REF!,2,FALSE)) -> 0 | O52: =M52+N52 -> #REF! | P52: =IF(F52="Barrido","",O52) -> #REF! | Q52: =IF(F52="Barrido",O52,"") | R52: =IF(I52<>"0",I52,"") -> 1000 | S52: =IF(J52<>"0",J52,"") -> 0 | T52: 1.5 | U52: 1 | V52: 95 | W52: 997 | X52: 41
A53: 45831 | B53: =IF(A53="","",VLOOKUP(Planilla!A53,#REF!,2,FALSE)) -> #REF! | C53: =IF(B53="","",VLOOKUP(Planilla!A53,#REF!,3,FALSE)) -> #REF! | D53: Preventivo | E53: Nieve | F53: Esparcido | G53: Tractor MF7719 2025 | H53: Esparcidor Urea Cyra | I53: 250 | K53: Rodajes y plataforma | M53: =IF(K53="",0,VLOOKUP(K53,#REF!,2,FALSE)) -> #REF! | N53: =IF(L53="",0,VLOOKUP(L53,#REF!,2,FALSE)) -> 0 | O53: =M53+N53 -> #REF! | P53: =IF(F53="Barrido","",O53) -> #REF! | Q53: =IF(F53="Barrido",O53,"") | R53: =IF(I53<>"0",I53,"") -> 250 | S53: =IF(J53<>"0",J53,"") -> 0 | T53: 1.5 | U53: 1 | V53: 95 | W53: 997 | X53: 41
A54: 45832 | B54: =IF(A54="","",VLOOKUP(Planilla!A54,#REF!,2,FALSE)) -> #REF! | C54: =IF(B54="","",VLOOKUP(Planilla!A54,#REF!,3,FALSE)) -> #REF! | D54: Preventivo | E54: Escarcha Frost | F54: Esparcido | G54: Manual | H54: Otros | I54: 10 | K54: Plataforma | L54: Otros | M54: =IF(K54="",0,VLOOKUP(K54,#REF!,2,FALSE)) -> #REF! | N54: =IF(L54="",0,VLOOKUP(L54,#REF!,2,FALSE)) -> #REF! | O54: =M54+N54 -> #REF! | P54: =IF(F54="Barrido","",O54) -> #REF! | Q54: =IF(F54="Barrido",O54,"") | R54: =IF(I54<>"0",I54,"") -> 10 | S54: =IF(J54<>"0",J54,"") -> 0 | T54: 0 | U54: -2 | V54: 86 | W54: 987.4 | X54: 21
A55: 45832 | B55: =IF(A55="","",VLOOKUP(Planilla!A55,#REF!,2,FALSE)) -> #REF! | C55: =IF(B55="","",VLOOKUP(Planilla!A55,#REF!,3,FALSE)) -> #REF! | D55: Preventivo | E55: Rocio helado | F55: Rociado | G55: Tractor MF7719 2025 | H55: Rociador de Glicol Capurelli | J55: 1400 | K55: Pista, cabeceras y rodajes | M55: =IF(K55="",0,VLOOKUP(K55,#REF!,2,FALSE)) -> #REF! | N55: =IF(L55="",0,VLOOKUP(L55,#REF!,2,FALSE)) -> 0 | O55: =M55+N55 -> #REF! | P55: =IF(F55="Barrido","",O55) -> #REF! | Q55: =IF(F55="Barrido",O55,"") | R55: =IF(I55<>"0",I55,"") -> 0 | S55: =IF(J55<>"0",J55,"") -> 1400 | T55: -1.7 | U55: -3 | V55: 88 | W55: 987.4 | X55: 17
A56: 45832 | B56: =IF(A56="","",VLOOKUP(Planilla!A56,#REF!,2,FALSE)) -> #REF! | C56: =IF(B56="","",VLOOKUP(Planilla!A56,#REF!,3,FALSE)) -> #REF! | D56: Preventivo | E56: Probabilidad de Hielo | F56: Prueba de frenado | G56: Movil 1 AB743ZN | H56: Descelerometro | K56: Pista | M56: =IF(K56="",0,VLOOKUP(K56,#REF!,2,FALSE)) -> #REF! | N56: =IF(L56="",0,VLOOKUP(L56,#REF!,2,FALSE)) -> 0 | O56: =M56+N56 -> #REF! | P56: =IF(F56="Barrido","",O56) -> #REF! | Q56: =IF(F56="Barrido",O56,"") | R56: =IF(I56<>"0",I56,"") -> 0 | S56: =IF(J56<>"0",J56,"") -> 0 | T56: -1.8 | U56: -3 | V56: 91 | W56: 994.2 | X56: 12.2
A58: 45833 | B58: =IF(A58="","",VLOOKUP(Planilla!A58,#REF!,2,FALSE)) -> #REF! | C58: =IF(B58="","",VLOOKUP(Planilla!A58,#REF!,3,FALSE)) -> #REF! | D58: Correctivo | E58: Nieve | F58: Esparcido | G58: Tractor MF7719 2025 | H58: Esparcidor Urea Cyra | I58: 1550 | K58: Pista, cabeceras, rodajes y plataforma | M58: =IF(K58="",0,VLOOKUP(K58,#REF!,2,FALSE)) -> #REF! | N58: =IF(L58="",0,VLOOKUP(L58,#REF!,2,FALSE)) -> 0 | O58: =M58+N58 -> #REF! | P58: =IF(F58="Barrido","",O58) -> #REF! | Q58: =IF(F58="Barrido",O58,"") | R58: =IF(I58<>"0",I58,"") -> 1550 | S58: =IF(J58<>"0",J58,"") -> 0 | T58: 2 | U58: -2 | V58: 84 | W58: 991.6
A59: 45833 | B59: =IF(A59="","",VLOOKUP(Planilla!A59,#REF!,2,FALSE)) -> #REF! | C59: =IF(B59="","",VLOOKUP(Planilla!A59,#REF!,3,FALSE)) -> #REF! | D59: Correctivo | E59: Probabilidad de Hielo | F59: Esparcido | G59: Tractor MF7719 2025 | H59: Esparcidor Urea Cyra | I59: 500 | K59: Pista, cabeceras, rodajes y plataforma | M59: =IF(K59="",0,VLOOKUP(K59,#REF!,2,FALSE)) -> #REF! | N59: =IF(L59="",0,VLOOKUP(L59,#REF!,2,FALSE)) -> 0 | O59: =M59+N59 -> #REF! | P59: =IF(F59="Barrido","",O59) -> #REF! | Q59: =IF(F59="Barrido",O59,"") | R59: =IF(I59<>"0",I59,"") -> 500 | S59: =IF(J59<>"0",J59,"") -> 0 | T59: -1.3 | U59: 3 | V59: 78 | W59: 995.6 | X59: 9.7
A60: 45833 | B60: =IF(A60="","",VLOOKUP(Planilla!A60,#REF!,2,FALSE)) -> #REF! | C60: =IF(B60="","",VLOOKUP(Planilla!A60,#REF!,3,FALSE)) -> #REF! | D60: Correctivo | E60: Nieve | F60: Remoción | G60: Tractor MF7615 2019 | H60: Pala APX 16-T-50 | K60: Pista, cabeceras, rodajes y plataforma | M60: =IF(K60="",0,VLOOKUP(K60,#REF!,2,FALSE)) -> #REF! | N60: =IF(L60="",0,VLOOKUP(L60,#REF!,2,FALSE)) -> 0 | O60: =M60+N60 -> #REF! | P60: =IF(F60="Barrido","",O60) -> #REF! | Q60: =IF(F60="Barrido",O60,"") | R60: =IF(I60<>"0",I60,"") -> 0 | S60: =IF(J60<>"0",J60,"") -> 0 | T60: -1 | U60: -3 | V60: 77 | W60: 994 | X60: 11.2
A61: 45833 | B61: =IF(A61="","",VLOOKUP(Planilla!A61,#REF!,2,FALSE)) -> #REF! | C61: =IF(B61="","",VLOOKUP(Planilla!A61,#REF!,3,FALSE)) -> #REF! | D61: Preventivo | E61: Probabilidad de Hielo | F61: Esparcido | G61: Tractor MF7719 2025 | H61: Esparcidor Urea Cyra | I61: 550 | K61: Pista, cabeceras, rodajes y plataforma | L61: Parking | M61: =IF(K61="",0,VLOOKUP(K61,#REF!,2,FALSE)) -> #REF! | N61: =IF(L61="",0,VLOOKUP(L61,#REF!,2,FALSE)) -> #REF! | O61: =M61+N61 -> #REF! | P61: =IF(F61="Barrido","",O61) -> #REF! | Q61: =IF(F61="Barrido",O61,"") | R61: =IF(I61<>"0",I61,"") -> 550 | S61: =IF(J61<>"0",J61,"") -> 0 | T61: -1 | U61: -3 | V61: 78 | W61: 995.3 | X61: 12
A62: 45833 | B62: =IF(A62="","",VLOOKUP(Planilla!A62,#REF!,2,FALSE)) -> #REF! | C62: =IF(B62="","",VLOOKUP(Planilla!A62,#REF!,3,FALSE)) -> #REF! | D62: Preventivo | E62: Probabilidad de Hielo | F62: Prueba de frenado | G62: Movil 1 AB743ZN | H62: Descelerometro | K62: Pista | M62: =IF(K62="",0,VLOOKUP(K62,#REF!,2,FALSE)) -> #REF! | N62: =IF(L62="",0,VLOOKUP(L62,#REF!,2,FALSE)) -> 0 | O62: =M62+N62 -> #REF! | P62: =IF(F62="Barrido","",O62) -> #REF! | Q62: =IF(F62="Barrido",O62,"") | R62: =IF(I62<>"0",I62,"") -> 0 | S62: =IF(J62<>"0",J62,"") -> 0 | T62: -0.9 | U62: -2 | V62: 78 | W62: 993.5 | X62: 9.7
A63: 45833 | B63: =IF(A63="","",VLOOKUP(Planilla!A63,#REF!,2,FALSE)) -> #REF! | C63: =IF(B63="","",VLOOKUP(Planilla!A63,#REF!,3,FALSE)) -> #REF! | D63: Correctivo | E63: Nieve | F63: Barrido | G63: Tractor MF7615 2018 | H63: Barredora MB 3616 TRT 2019 | K63: Pista, cabeceras, rodajes y plataforma | L63: Parking, sendas peatonales | M63: =IF(K63="",0,VLOOKUP(K63,#REF!,2,FALSE)) -> #REF! | N63: =IF(L63="",0,VLOOKUP(L63,#REF!,2,FALSE)) -> #REF! | O63: =M63+N63 -> #REF! | P63: =IF(F63="Barrido","",O63) | Q63: =IF(F63="Barrido",O63,"") -> #REF! | R63: =IF(I63<>"0",I63,"") -> 0 | S63: =IF(J63<>"0",J63,"") -> 0 | T63: 2 | U63: -3 | V63: 78 | W63: 995 | X63: 6
A64: 45834 | B64: =IF(A64="","",VLOOKUP(Planilla!A64,#REF!,2,FALSE)) -> #REF! | C64: =IF(B64="","",VLOOKUP(Planilla!A64,#REF!,3,FALSE)) -> #REF! | D64: Preventivo | E64: Escarcha Frost | F64: Prueba de frenado | G64: Movil 1 AB743ZN | H64: Descelerometro | K64: Pista | M64: =IF(K64="",0,VLOOKUP(K64,#REF!,2,FALSE)) -> #REF! | N64: =IF(L64="",0,VLOOKUP(L64,#REF!,2,FALSE)) -> 0 | O64: =M64+N64 -> #REF! | P64: =IF(F64="Barrido","",O64) -> #REF! | Q64: =IF(F64="Barrido",O64,"") | R64: =IF(I64<>"0",I64,"") -> 0 | S64: =IF(J64<>"0",J64,"") -> 0 | T64: -5 | U64: -7 | V64: 86 | W64: 995 | X64: 8
A65: 45834 | B65: =IF(A65="","",VLOOKUP(Planilla!A65,#REF!,2,FALSE)) -> #REF! | C65: =IF(B65="","",VLOOKUP(Planilla!A65,#REF!,3,FALSE)) -> #REF! | D65: Preventivo | E65: Nieve | F65: Prueba de frenado | G65: Movil 1 AB743ZN | H65: Descelerometro | K65: Pista | M65: =IF(K65="",0,VLOOKUP(K65,#REF!,2,FALSE)) -> #REF! | N65: =IF(L65="",0,VLOOKUP(L65,#REF!,2,FALSE)) -> 0 | O65: =M65+N65 -> #REF! | P65: =IF(F65="Barrido","",O65) -> #REF! | Q65: =IF(F65="Barrido",O65,"") | R65: =IF(I65<>"0",I65,"") -> 0 | S65: =IF(J65<>"0",J65,"") -> 0 | T65: -6 | U65: -8 | V65: 86 | W65: 1002 | X65: 7
A66: 45834 | B66: =IF(A66="","",VLOOKUP(Planilla!A66,#REF!,2,FALSE)) -> #REF! | C66: =IF(B66="","",VLOOKUP(Planilla!A66,#REF!,3,FALSE)) -> #REF! | D66: Correctivo | E66: Nieve | F66: Remoción | G66: Tractor MF7615 2019 | H66: Pala APX 16-T-50 | K66: Pista y cabeceras | M66: =IF(K66="",0,VLOOKUP(K66,#REF!,2,FALSE)) -> #REF! | N66: =IF(L66="",0,VLOOKUP(L66,#REF!,2,FALSE)) -> 0 | O66: =M66+N66 -> #REF! | P66: =IF(F66="Barrido","",O66) -> #REF! | Q66: =IF(F66="Barrido",O66,"") | R66: =IF(I66<>"0",I66,"") -> 0 | S66: =IF(J66<>"0",J66,"") -> 0 | T66: -4 | U66: -6 | V66: 70 | W66: 1010 | X66: 9
A67: 45834 | B67: =IF(A67="","",VLOOKUP(Planilla!A67,#REF!,2,FALSE)) -> #REF! | C67: =IF(B67="","",VLOOKUP(Planilla!A67,#REF!,3,FALSE)) -> #REF! | D67: Correctivo | E67: Nieve | F67: Barrido | G67: Tractor MF7615 2018 | H67: Barredora MB 3616 TRT 2018 | K67: Pista y cabeceras | M67: =IF(K67="",0,VLOOKUP(K67,#REF!,2,FALSE)) -> #REF! | N67: =IF(L67="",0,VLOOKUP(L67,#REF!,2,FALSE)) -> 0 | O67: =M67+N67 -> #REF! | P67: =IF(F67="Barrido","",O67) | Q67: =IF(F67="Barrido",O67,"") -> #REF! | R67: =IF(I67<>"0",I67,"") -> 0 | S67: =IF(J67<>"0",J67,"") -> 0 | T67: -4 | U67: -6 | V67: 71 | W67: 1014 | X67: 10
A68: 45834 | B68: =IF(A68="","",VLOOKUP(Planilla!A68,#REF!,2,FALSE)) -> #REF! | C68: =IF(B68="","",VLOOKUP(Planilla!A68,#REF!,3,FALSE)) -> #REF! | D68: Preventivo | E68: Probabilidad de Hielo | F68: Esparcido | G68: Tractor MF7719 2025 | H68: Esparcidor Urea Cyra | I68: 250 | K68: Pista y cabeceras | M68: =IF(K68="",0,VLOOKUP(K68,#REF!,2,FALSE)) -> #REF! | N68: =IF(L68="",0,VLOOKUP(L68,#REF!,2,FALSE)) -> 0 | O68: =M68+N68 -> #REF! | P68: =IF(F68="Barrido","",O68) -> #REF! | Q68: =IF(F68="Barrido",O68,"") | R68: =IF(I68<>"0",I68,"") -> 250 | S68: =IF(J68<>"0",J68,"") -> 0 | T68: -2 | U68: -4 | V68: 72 | W68: 1014 | X68: 10
A69: 45834 | D69: Correctivo | E69: Nieve | F69: Barrido | G69: Tractor MF7615 2018 | H69: Barredora MB 3616 TRT 2018 | K69: Rodajes | R69: =IF(I69<>"0",I69,"") -> 0 | S69: =IF(J69<>"0",J69,"") -> 0 | T69: -1 | U69: -3 | V69: 79 | W69: 1014 | X69: 10
A70: 45835 | B70: =IF(A70="","",VLOOKUP(Planilla!A70,#REF!,2,FALSE)) -> #REF! | C70: =IF(B70="","",VLOOKUP(Planilla!A70,#REF!,3,FALSE)) -> #REF! | D70: Preventivo | E70: Probabilidad de Nieve | F70: Prueba de frenado | G70: Movil 1 AB743ZN | H70: Descelerometro | K70: Pista | M70: =IF(K70="",0,VLOOKUP(K70,#REF!,2,FALSE)) -> #REF! | N70: =IF(L70="",0,VLOOKUP(L70,#REF!,2,FALSE)) -> 0 | O70: =M70+N70 -> #REF! | P70: =IF(F70="Barrido","",O70) -> #REF! | Q70: =IF(F70="Barrido",O70,"") | R70: =IF(I70<>"0",I70,"") -> 0 | S70: =IF(J70<>"0",J70,"") -> 0 | T70: -2 | U70: -4 | V70: 80 | W70: 1017 | X70: 6.5
A71: 45835 | B71: =IF(A71="","",VLOOKUP(Planilla!A71,#REF!,2,FALSE)) -> #REF! | C71: =IF(B71="","",VLOOKUP(Planilla!A71,#REF!,3,FALSE)) -> #REF! | D71: Preventivo | E71: Probabilidad de Nieve | F71: Esparcido | G71: Tractor MF7719 2025 | H71: Esparcidor Urea Cyra | I71: 200 | K71: Plataforma | M71: =IF(K71="",0,VLOOKUP(K71,#REF!,2,FALSE)) -> #REF! | N71: =IF(L71="",0,VLOOKUP(L71,#REF!,2,FALSE)) -> 0 | O71: =M71+N71 -> #REF! | P71: =IF(F71="Barrido","",O71) -> #REF! | Q71: =IF(F71="Barrido",O71,"") | R71: =IF(I71<>"0",I71,"") -> 200 | S71: =IF(J71<>"0",J71,"") -> 0 | T71: -2 | U71: -4 | V71: 80 | W71: 1017 | X71: 6.5
A72: 45836 | B72: =IF(A72="","",VLOOKUP(Planilla!A72,#REF!,2,FALSE)) -> #REF! | C72: =IF(B72="","",VLOOKUP(Planilla!A72,#REF!,3,FALSE)) -> #REF! | D72: Preventivo | E72: Escarcha Frost | F72: Prueba de frenado | G72: Movil 1 AB743ZN | H72: Descelerometro | K72: Pista | M72: =IF(K72="",0,VLOOKUP(K72,#REF!,2,FALSE)) -> #REF! | N72: =IF(L72="",0,VLOOKUP(L72,#REF!,2,FALSE)) -> 0 | O72: =M72+N72 -> #REF! | P72: =IF(F72="Barrido","",O72) -> #REF! | Q72: =IF(F72="Barrido",O72,"") | R72: =IF(I72<>"0",I72,"") -> 0 | S72: =IF(J72<>"0",J72,"") -> 0 | T72: -4.5 | U72: -6 | V72: 91 | W72: 1031.8 | X72: 0
A73: 45836 | B73: =IF(A73="","",VLOOKUP(Planilla!A73,#REF!,2,FALSE)) -> #REF! | C73: =IF(B73="","",VLOOKUP(Planilla!A73,#REF!,3,FALSE)) -> #REF! | D73: Preventivo | E73: Escarcha Frost | F73: Rociado | G73: Tractor MF7615 2019 | H73: Rociador de Glicol Capurelli | J73: 500 | K73: Plataforma | M73: =IF(K73="",0,VLOOKUP(K73,#REF!,2,FALSE)) -> #REF! | N73: =IF(L73="",0,VLOOKUP(L73,#REF!,2,FALSE)) -> 0 | O73: =M73+N73 -> #REF! | P73: =IF(F73="Barrido","",O73) -> #REF! | Q73: =IF(F73="Barrido",O73,"") | R73: =IF(I73<>"0",I73,"") -> 0 | S73: =IF(J73<>"0",J73,"") -> 500 | T73: -4.5 | U73: -6 | V73: 91 | W73: 1031.8 | X73: 0
A74: 45836 | B74: =IF(A74="","",VLOOKUP(Planilla!A74,#REF!,2,FALSE)) -> #REF! | C74: =IF(B74="","",VLOOKUP(Planilla!A74,#REF!,3,FALSE)) -> #REF! | D74: Preventivo | E74: Rocio helado | F74: Prueba de frenado | G74: Movil 1 AB743ZN | H74: Descelerometro | K74: Pista | M74: =IF(K74="",0,VLOOKUP(K74,#REF!,2,FALSE)) -> #REF! | N74: =IF(L74="",0,VLOOKUP(L74,#REF!,2,FALSE)) -> 0 | O74: =M74+N74 -> #REF! | P74: =IF(F74="Barrido","",O74) -> #REF! | Q74: =IF(F74="Barrido",O74,"") | R74: =IF(I74<>"0",I74,"") -> 0 | S74: =IF(J74<>"0",J74,"") -> 0 | T74: -3.9 | U74: -6 | V74: 91 | W74: 1034.9 | X74: 10
A75: 45836 | B75: =IF(A75="","",VLOOKUP(Planilla!A75,#REF!,2,FALSE)) -> #REF! | C75: =IF(B75="","",VLOOKUP(Planilla!A75,#REF!,3,FALSE)) -> #REF! | D75: Preventivo | E75: Rocio helado | F75: Rociado | G75: Tractor MF7615 2019 | H75: Rociador de Glicol Capurelli | J75: 1500 | K75: Pista, cabeceras y rodajes | M75: =IF(K75="",0,VLOOKUP(K75,#REF!,2,FALSE)) -> #REF! | N75: =IF(L75="",0,VLOOKUP(L75,#REF!,2,FALSE)) -> 0 | O75: =M75+N75 -> #REF! | P75: =IF(F75="Barrido","",O75) -> #REF! | Q75: =IF(F75="Barrido",O75,"") | R75: =IF(I75<>"0",I75,"") -> 0 | S75: =IF(J75<>"0",J75,"") -> 1500 | T75: -4.3 | U75: -5 | V75: 93 | W75: 1034.8 | X75: 6.5
A76: 45836 | B76: =IF(A76="","",VLOOKUP(Planilla!A76,#REF!,2,FALSE)) -> #REF! | C76: =IF(B76="","",VLOOKUP(Planilla!A76,#REF!,3,FALSE)) -> #REF! | D76: Preventivo | E76: Rocio helado | F76: Prueba de frenado | G76: Movil 1 AB743ZN | H76: Descelerometro | K76: Pista | M76: =IF(K76="",0,VLOOKUP(K76,#REF!,2,FALSE)) -> #REF! | N76: =IF(L76="",0,VLOOKUP(L76,#REF!,2,FALSE)) -> 0 | O76: =M76+N76 -> #REF! | P76: =IF(F76="Barrido","",O76) -> #REF! | Q76: =IF(F76="Barrido",O76,"") | R76: =IF(I76<>"0",I76,"") -> 0 | S76: =IF(J76<>"0",J76,"") -> 0 | T76: -4.3 | U76: -5 | V76: 93 | W76: 1034.9 | X76: 8
A77: 45836 | B77: =IF(A77="","",VLOOKUP(Planilla!A77,#REF!,2,FALSE)) -> #REF! | C77: =IF(B77="","",VLOOKUP(Planilla!A77,#REF!,3,FALSE)) -> #REF! | D77: Preventivo | E77: Probabilidad de Hielo | F77: Barrido | G77: Tractor MF7615 2018 | H77: Barredora MB 3616 TRT 2018 | K77: Plataforma | M77: =IF(K77="",0,VLOOKUP(K77,#REF!,2,FALSE)) -> #REF! | N77: =IF(L77="",0,VLOOKUP(L77,#REF!,2,FALSE)) -> 0 | O77: =M77+N77 -> #REF! | P77: =IF(F77="Barrido","",O77) | Q77: =IF(F77="Barrido",O77,"") -> #REF! | R77: =IF(I77<>"0",I77,"") -> 0 | S77: =IF(J77<>"0",J77,"") -> 0 | T77: -3 | U77: -5 | V77: 97 | W77: 1035.7 | X77: 2
A78: 45836 | B78: =IF(A78="","",VLOOKUP(Planilla!A78,#REF!,2,FALSE)) -> #REF! | C78: =IF(B78="","",VLOOKUP(Planilla!A78,#REF!,3,FALSE)) -> #REF! | D78: Preventivo | E78: Probabilidad de Hielo | F78: Rociado | G78: Tractor MF7615 2019 | H78: Rociador de Glicol Capurelli | J78: 500 | K78: Plataforma | M78: =IF(K78="",0,VLOOKUP(K78,#REF!,2,FALSE)) -> #REF! | N78: =IF(L78="",0,VLOOKUP(L78,#REF!,2,FALSE)) -> 0 | O78: =M78+N78 -> #REF! | P78: =IF(F78="Barrido","",O78) -> #REF! | Q78: =IF(F78="Barrido",O78,"") | R78: =IF(I78<>"0",I78,"") -> 0 | S78: =IF(J78<>"0",J78,"") -> 500 | T78: -6.7 | U78: -8 | V78: 99 | W78: 1034.9 | X78: 2.5
A79: 45836 | B79: =IF(A79="","",VLOOKUP(Planilla!A79,#REF!,2,FALSE)) -> #REF! | C79: =IF(B79="","",VLOOKUP(Planilla!A79,#REF!,3,FALSE)) -> #REF! | D79: Preventivo | E79: Probabilidad de Hielo | F79: Rociado | G79: Tractor MF7615 2019 | H79: Rociador de Glicol Capurelli | J79: 1000 | K79: Parking, sendas peatonales | M79: =IF(K79="",0,VLOOKUP(K79,#REF!,2,FALSE)) -> #REF! | N79: =IF(L79="",0,VLOOKUP(L79,#REF!,2,FALSE)) -> 0 | O79: =M79+N79 -> #REF! | P79: =IF(F79="Barrido","",O79) -> #REF! | Q79: =IF(F79="Barrido",O79,"") | R79: =IF(I79<>"0",I79,"") -> 0 | S79: =IF(J79<>"0",J79,"") -> 1000 | T79: -6.7 | U79: -8 | V79: 98 | W79: 1035.2 | X79: 4.7
A80: 45836 | B80: =IF(A80="","",VLOOKUP(Planilla!A80,#REF!,2,FALSE)) -> #REF! | C80: =IF(B80="","",VLOOKUP(Planilla!A80,#REF!,3,FALSE)) -> #REF! | D80: Preventivo | E80: Probabilidad de Hielo | F80: Prueba de frenado | G80: Movil 1 AB743ZN | H80: Descelerometro | K80: Pista | M80: =IF(K80="",0,VLOOKUP(K80,#REF!,2,FALSE)) -> #REF! | N80: =IF(L80="",0,VLOOKUP(L80,#REF!,2,FALSE)) -> 0 | O80: =M80+N80 -> #REF! | P80: =IF(F80="Barrido","",O80) -> #REF! | Q80: =IF(F80="Barrido",O80,"") | R80: =IF(I80<>"0",I80,"") -> 0 | S80: =IF(J80<>"0",J80,"") -> 0 | T80: -6.7 | U80: -8 | V80: 98 | W80: 1035.2 | X80: 4.7
A81: 45837 | B81: =IF(A81="","",VLOOKUP(Planilla!A81,#REF!,2,FALSE)) -> #REF! | C81: =IF(B81="","",VLOOKUP(Planilla!A81,#REF!,3,FALSE)) -> #REF! | D81: Preventivo | E81: Probabilidad de Hielo | F81: Rociado | G81: Tractor MF7615 2019 | H81: Rociador de Glicol Capurelli | J81: 1000 | K81: Cabeceras, plataforma | M81: =IF(K81="",0,VLOOKUP(K81,#REF!,2,FALSE)) -> #REF! | N81: =IF(L81="",0,VLOOKUP(L81,#REF!,2,FALSE)) -> 0 | O81: =M81+N81 -> #REF! | P81: =IF(F81="Barrido","",O81) -> #REF! | Q81: =IF(F81="Barrido",O81,"") | R81: =IF(I81<>"0",I81,"") -> 0 | S81: =IF(J81<>"0",J81,"") -> 1000 | T81: -5.2 | U81: -8 | V81: 97 | W81: 1034.8 | X81: 6.5
A82: 45837 | B82: =IF(A82="","",VLOOKUP(Planilla!A82,#REF!,2,FALSE)) -> #REF! | C82: =IF(B82="","",VLOOKUP(Planilla!A82,#REF!,3,FALSE)) -> #REF! | D82: Preventivo | E82: Rocio helado | F82: Rociado | G82: Tractor MF7719 2025 | H82: Rociador de Glicol Capurelli | J82: 3000 | K82: Pista | L82: Rodajes | M82: =IF(K82="",0,VLOOKUP(K82,#REF!,2,FALSE)) -> #REF! | N82: =IF(L82="",0,VLOOKUP(L82,#REF!,2,FALSE)) -> #REF! | O82: =M82+N82 -> #REF! | P82: =IF(F82="Barrido","",O82) -> #REF! | Q82: =IF(F82="Barrido",O82,"") | R82: =IF(I82<>"0",I82,"") -> 0 | S82: =IF(J82<>"0",J82,"") -> 3000 | T82: -5 | U82: -5 | V82: 83 | W82: 1023.8 | X82: 17
A83: 45838 | B83: =IF(A83="","",VLOOKUP(Planilla!A83,#REF!,2,FALSE)) -> #REF! | C83: =IF(B83="","",VLOOKUP(Planilla!A83,#REF!,3,FALSE)) -> #REF! | D83: Preventivo | E83: Rocio helado | F83: Prueba de frenado | G83: Movil 1 AB743ZN | H83: Descelerometro | K83: Pista | M83: =IF(K83="",0,VLOOKUP(K83,#REF!,2,FALSE)) -> #REF! | N83: =IF(L83="",0,VLOOKUP(L83,#REF!,2,FALSE)) -> 0 | O83: =M83+N83 -> #REF! | P83: =IF(F83="Barrido","",O83) -> #REF! | Q83: =IF(F83="Barrido",O83,"") | R83: =IF(I83<>"0",I83,"") -> 0 | S83: =IF(J83<>"0",J83,"") -> 0 | T83: -1 | U83: -2 | V83: 93 | W83: 1019 | X83: 9
A84: 45839 | B84: =IF(A84="","",VLOOKUP(Planilla!A84,#REF!,2,FALSE)) -> #REF! | C84: =IF(B84="","",VLOOKUP(Planilla!A84,#REF!,3,FALSE)) -> #REF! | D84: Preventivo | E84: Rocio helado | F84: Prueba de frenado | G84: Movil 1 AB743ZN | H84: Descelerometro | K84: Pista | M84: =IF(K84="",0,VLOOKUP(K84,#REF!,2,FALSE)) -> #REF! | N84: =IF(L84="",0,VLOOKUP(L84,#REF!,2,FALSE)) -> 0 | O84: =M84+N84 -> #REF! | P84: =IF(F84="Barrido","",O84) -> #REF! | Q84: =IF(F84="Barrido",O84,"") | R84: =IF(I84<>"0",I84,"") -> 0 | S84: =IF(J84<>"0",J84,"") -> 0 | T84: -2 | U84: -3 | V84: 98 | W84: 1015 | X84: 10
A85: 45839 | B85: =IF(A85="","",VLOOKUP(Planilla!A85,#REF!,2,FALSE)) -> #REF! | C85: =IF(B85="","",VLOOKUP(Planilla!A85,#REF!,3,FALSE)) -> #REF! | D85: Preventivo | E85: Rocio helado | F85: Rociado | G85: Tractor MF7615 2019 | H85: Rociador de Glicol Capurelli | J85: 150 | K85: Plataforma | M85: =IF(K85="",0,VLOOKUP(K85,#REF!,2,FALSE)) -> #REF! | N85: =IF(L85="",0,VLOOKUP(L85,#REF!,2,FALSE)) -> 0 | O85: =M85+N85 -> #REF! | P85: =IF(F85="Barrido","",O85) -> #REF! | Q85: =IF(F85="Barrido",O85,"") | R85: =IF(I85<>"0",I85,"") -> 0 | S85: =IF(J85<>"0",J85,"") -> 150 | T85: -2 | U85: -3 | V85: 98 | W85: 1015 | X85: 10
A86: 45839 | B86: =IF(A86="","",VLOOKUP(Planilla!A86,#REF!,2,FALSE)) -> #REF! | C86: =IF(B86="","",VLOOKUP(Planilla!A86,#REF!,3,FALSE)) -> #REF! | D86: Preventivo | E86: Rocio helado | F86: Prueba de frenado | G86: Movil 1 AB743ZN | H86: Descelerometro | K86: Pista | M86: =IF(K86="",0,VLOOKUP(K86,#REF!,2,FALSE)) -> #REF! | N86: =IF(L86="",0,VLOOKUP(L86,#REF!,2,FALSE)) -> 0 | O86: =M86+N86 -> #REF! | P86: =IF(F86="Barrido","",O86) -> #REF! | Q86: =IF(F86="Barrido",O86,"") | R86: =IF(I86<>"0",I86,"") -> 0 | S86: =IF(J86<>"0",J86,"") -> 0 | T86: -3 | U86: -4 | V86: 99 | W86: 1013 | X86: 3
A87: 45839 | B87: =IF(A87="","",VLOOKUP(Planilla!A87,#REF!,2,FALSE)) -> #REF! | C87: =IF(B87="","",VLOOKUP(Planilla!A87,#REF!,3,FALSE)) -> #REF! | D87: Preventivo | E87: Rocio helado | F87: Rociado | G87: Tractor MF7615 2019 | H87: Rociador de Glicol Capurelli | J87: 1600 | K87: Pista, cabeceras, rodajes y plataforma | L87: Parking | M87: =IF(K87="",0,VLOOKUP(K87,#REF!,2,FALSE)) -> #REF! | N87: =IF(L87="",0,VLOOKUP(L87,#REF!,2,FALSE)) -> #REF! | O87: =M87+N87 -> #REF! | P87: =IF(F87="Barrido","",O87) -> #REF! | Q87: =IF(F87="Barrido",O87,"") | R87: =IF(I87<>"0",I87,"") -> 0 | S87: =IF(J87<>"0",J87,"") -> 1600 | T87: -3 | U87: -4 | V87: 99 | W87: 1013 | X87: 3
A88: 45839 | B88: =IF(A88="","",VLOOKUP(Planilla!A88,#REF!,2,FALSE)) -> #REF! | C88: =IF(B88="","",VLOOKUP(Planilla!A88,#REF!,3,FALSE)) -> #REF! | D88: Preventivo | E88: Probabilidad de Hielo | F88: Barrido | G88: Tractor MF7615 2018 | H88: Barredora MB 3616 TRT 2018 | K88: Plataforma | M88: =IF(K88="",0,VLOOKUP(K88,#REF!,2,FALSE)) -> #REF! | N88: =IF(L88="",0,VLOOKUP(L88,#REF!,2,FALSE)) -> 0 | O88: =M88+N88 -> #REF! | P88: =IF(F88="Barrido","",O88) | Q88: =IF(F88="Barrido",O88,"") -> #REF! | R88: =IF(I88<>"0",I88,"") -> 0 | S88: =IF(J88<>"0",J88,"") -> 0 | T88: 1.4 | U88: 1 | V88: 90 | W88: 1009 | X88: 4
A89: 45839 | B89: =IF(A89="","",VLOOKUP(Planilla!A89,#REF!,2,FALSE)) -> #REF! | C89: =IF(B89="","",VLOOKUP(Planilla!A89,#REF!,3,FALSE)) -> #REF! | D89: Preventivo | E89: Rocio helado | F89: Prueba de frenado | G89: Movil 1 AB743ZN | H89: Descelerometro | K89: Pista | M89: =IF(K89="",0,VLOOKUP(K89,#REF!,2,FALSE)) -> #REF! | N89: =IF(L89="",0,VLOOKUP(L89,#REF!,2,FALSE)) -> 0 | O89: =M89+N89 -> #REF! | P89: =IF(F89="Barrido","",O89) -> #REF! | Q89: =IF(F89="Barrido",O89,"") | R89: =IF(I89<>"0",I89,"") -> 0 | S89: =IF(J89<>"0",J89,"") -> 0 | T89: -2.3 | U89: -2 | V89: 98 | W89: 1014.8 | X89: 6.5
A90: 45840 | B90: =IF(A90="","",VLOOKUP(Planilla!A90,#REF!,2,FALSE)) -> #REF! | C90: =IF(B90="","",VLOOKUP(Planilla!A90,#REF!,3,FALSE)) -> #REF! | D90: Preventivo | E90: Rocio helado | F90: Prueba de frenado | G90: Movil 1 AB743ZN | H90: Descelerometro | K90: Pista | M90: =IF(K90="",0,VLOOKUP(K90,#REF!,2,FALSE)) -> #REF! | N90: =IF(L90="",0,VLOOKUP(L90,#REF!,2,FALSE)) -> 0 | O90: =M90+N90 -> #REF! | P90: =IF(F90="Barrido","",O90) -> #REF! | Q90: =IF(F90="Barrido",O90,"") | R90: =IF(I90<>"0",I90,"") -> 0 | S90: =IF(J90<>"0",J90,"") -> 0 | T90: -2.3 | U90: -3 | V90: 98 | W90: 1013.9 | X90: 3.2
A91: 45840 | B91: =IF(A91="","",VLOOKUP(Planilla!A91,#REF!,2,FALSE)) -> #REF! | C91: =IF(B91="","",VLOOKUP(Planilla!A91,#REF!,3,FALSE)) -> #REF! | D91: Preventivo | E91: Rocio helado | F91: Rociado | G91: Tractor MF7615 2019 | H91: Rociador de Glicol Capurelli | J91: 1500 | K91: Pista, cabeceras y rodajes | L91: Parking | M91: =IF(K91="",0,VLOOKUP(K91,#REF!,2,FALSE)) -> #REF! | N91: =IF(L91="",0,VLOOKUP(L91,#REF!,2,FALSE)) -> #REF! | O91: =M91+N91 -> #REF! | P91: =IF(F91="Barrido","",O91) -> #REF! | Q91: =IF(F91="Barrido",O91,"") | R91: =IF(I91<>"0",I91,"") -> 0 | S91: =IF(J91<>"0",J91,"") -> 1500 | T91: -2.3 | U91: -3 | V91: 98 | W91: 1013.9 | X91: 3.2
A92: 45840 | B92: =IF(A92="","",VLOOKUP(Planilla!A92,#REF!,2,FALSE)) -> #REF! | C92: =IF(B92="","",VLOOKUP(Planilla!A92,#REF!,3,FALSE)) -> #REF! | D92: Preventivo | E92: Rocio helado | F92: Barrido | G92: Tractor MF7615 2018 | H92: Barredora MB 3616 TRT 2018 | K92: Pista y cabeceras | L92: Militar / carguero | M92: =IF(K92="",0,VLOOKUP(K92,#REF!,2,FALSE)) -> #REF! | N92: =IF(L92="",0,VLOOKUP(L92,#REF!,2,FALSE)) -> #REF! | O92: =M92+N92 -> #REF! | P92: =IF(F92="Barrido","",O92) | Q92: =IF(F92="Barrido",O92,"") -> #REF! | R92: =IF(I92<>"0",I92,"") -> 0 | S92: =IF(J92<>"0",J92,"") -> 0 | T92: 0 | U92: -1 | V92: 93 | W92: 1006 | X92: 6
A93: 45840 | B93: =IF(A93="","",VLOOKUP(Planilla!A93,#REF!,2,FALSE)) -> #REF! | C93: =IF(B93="","",VLOOKUP(Planilla!A93,#REF!,3,FALSE)) -> #REF! | D93: Preventivo | E93: Rocio helado | F93: Prueba de frenado | G93: Movil 1 AB743ZN | H93: Descelerometro | K93: Pista | M93: =IF(K93="",0,VLOOKUP(K93,#REF!,2,FALSE)) -> #REF! | N93: =IF(L93="",0,VLOOKUP(L93,#REF!,2,FALSE)) -> 0 | O93: =M93+N93 -> #REF! | P93: =IF(F93="Barrido","",O93) -> #REF! | Q93: =IF(F93="Barrido",O93,"") | R93: =IF(I93<>"0",I93,"") -> 0 | S93: =IF(J93<>"0",J93,"") -> 0 | T93: 0 | U93: -1 | V93: 93 | W93: 1006 | X93: 6
A94: 45840 | B94: =IF(A94="","",VLOOKUP(Planilla!A94,#REF!,2,FALSE)) -> #REF! | C94: =IF(B94="","",VLOOKUP(Planilla!A94,#REF!,3,FALSE)) -> #REF! | D94: Preventivo | E94: Probabilidad de Hielo | F94: Prueba de frenado | G94: Movil 1 AB743ZN | H94: Descelerometro | K94: Pista | M94: =IF(K94="",0,VLOOKUP(K94,#REF!,2,FALSE)) -> #REF! | N94: =IF(L94="",0,VLOOKUP(L94,#REF!,2,FALSE)) -> 0 | O94: =M94+N94 -> #REF! | P94: =IF(F94="Barrido","",O94) -> #REF! | Q94: =IF(F94="Barrido",O94,"") | R94: =IF(I94<>"0",I94,"") -> 0 | S94: =IF(J94<>"0",J94,"") -> 0 | T94: 1 | U94: 0 | V94: 99 | W94: 1009.4 | X94: 1.3
A95: 45840 | B95: =IF(A95="","",VLOOKUP(Planilla!A95,#REF!,2,FALSE)) -> #REF! | C95: =IF(B95="","",VLOOKUP(Planilla!A95,#REF!,3,FALSE)) -> #REF! | D95: Preventivo | E95: Probabilidad de Hielo | F95: Barrido | G95: Tractor MF7615 2018 | H95: Barredora MB 3616 TRT 2018 | K95: Plataforma | M95: =IF(K95="",0,VLOOKUP(K95,#REF!,2,FALSE)) -> #REF! | N95: =IF(L95="",0,VLOOKUP(L95,#REF!,2,FALSE)) -> 0 | O95: =M95+N95 -> #REF! | P95: =IF(F95="Barrido","",O95) | Q95: =IF(F95="Barrido",O95,"") -> #REF! | R95: =IF(I95<>"0",I95,"") -> 0 | S95: =IF(J95<>"0",J95,"") -> 0 | T95: 3.6 | U95: 2.5 | V95: 93 | W95: 1011.14 | X95: 0
A96: 45840 | B96: =IF(A96="","",VLOOKUP(Planilla!A96,#REF!,2,FALSE)) -> #REF! | C96: =IF(B96="","",VLOOKUP(Planilla!A96,#REF!,3,FALSE)) -> #REF! | D96: Preventivo | E96: Probabilidad de Hielo | F96: Prueba de frenado | G96: Movil 1 AB743ZN | H96: Descelerometro | K96: Pista | M96: =IF(K96="",0,VLOOKUP(K96,#REF!,2,FALSE)) -> #REF! | N96: =IF(L96="",0,VLOOKUP(L96,#REF!,2,FALSE)) -> 0 | O96: =M96+N96 -> #REF! | P96: =IF(F96="Barrido","",O96) -> #REF! | Q96: =IF(F96="Barrido",O96,"") | R96: =IF(I96<>"0",I96,"") -> 0 | S96: =IF(J96<>"0",J96,"") -> 0 | T96: 4 | U96: 2.6 | V96: 91 | W96: 1011 | X96: 4.1
A97: 45841 | B97: =IF(A97="","",VLOOKUP(Planilla!A97,#REF!,2,FALSE)) -> #REF! | C97: =IF(B97="","",VLOOKUP(Planilla!A97,#REF!,3,FALSE)) -> #REF! | D97: Preventivo | E97: Probabilidad de Hielo | F97: Rociado | G97: Tractor MF7615 2019 | H97: Rociador de Glicol Capurelli | J97: 500 | K97: Parking | M97: =IF(K97="",0,VLOOKUP(K97,#REF!,2,FALSE)) -> #REF! | N97: =IF(L97="",0,VLOOKUP(L97,#REF!,2,FALSE)) -> 0 | O97: =M97+N97 -> #REF! | P97: =IF(F97="Barrido","",O97) -> #REF! | Q97: =IF(F97="Barrido",O97,"") | R97: =IF(I97<>"0",I97,"") -> 0 | S97: =IF(J97<>"0",J97,"") -> 500 | T97: -1 | U97: -2 | V97: 91 | W97: 1019.6 | X97: 11.9
A98: 45841 | B98: =IF(A98="","",VLOOKUP(Planilla!A98,#REF!,2,FALSE)) -> #REF! | C98: =IF(B98="","",VLOOKUP(Planilla!A98,#REF!,3,FALSE)) -> #REF! | D98: Preventivo | E98: Probabilidad de Hielo | F98: Rociado | G98: Tractor MF7615 2019 | H98: Rociador Glicol Barbuy | J98: 200 | K98: Plataforma | M98: =IF(K98="",0,VLOOKUP(K98,#REF!,2,FALSE)) -> #REF! | N98: =IF(L98="",0,VLOOKUP(L98,#REF!,2,FALSE)) -> 0 | O98: =M98+N98 -> #REF! | P98: =IF(F98="Barrido","",O98) -> #REF! | Q98: =IF(F98="Barrido",O98,"") | R98: =IF(I98<>"0",I98,"") -> 0 | S98: =IF(J98<>"0",J98,"") -> 200 | T98: -1 | U98: -2 | V98: 94 | W98: 1019.4 | X98: 5.4
A99: 45841 | B99: =IF(A99="","",VLOOKUP(Planilla!A99,#REF!,2,FALSE)) -> #REF! | C99: =IF(B99="","",VLOOKUP(Planilla!A99,#REF!,3,FALSE)) -> #REF! | D99: Preventivo | E99: Probabilidad de Hielo | F99: Prueba de frenado | G99: Movil 1 AB743ZN | H99: Descelerometro | K99: Pista | M99: =IF(K99="",0,VLOOKUP(K99,#REF!,2,FALSE)) -> #REF! | N99: =IF(L99="",0,VLOOKUP(L99,#REF!,2,FALSE)) -> 0 | O99: =M99+N99 -> #REF! | P99: =IF(F99="Barrido","",O99) -> #REF! | Q99: =IF(F99="Barrido",O99,"") | R99: =IF(I99<>"0",I99,"") -> 0 | S99: =IF(J99<>"0",J99,"") -> 0 | T99: -1 | U99: -2 | V99: 93 | W99: 1019.4 | X99: 5.4
A100: 45842 | B100: =IF(A100="","",VLOOKUP(Planilla!A100,#REF!,2,FALSE)) -> #REF! | C100: =IF(B100="","",VLOOKUP(Planilla!A100,#REF!,3,FALSE)) -> #REF! | D100: Preventivo | E100: Probabilidad de Hielo | F100: Rociado | G100: Tractor MF7615 2019 | H100: Rociador de Glicol Capurelli | J100: 1800 | K100: Pista, cabeceras y rodajes | M100: =IF(K100="",0,VLOOKUP(K100,#REF!,2,FALSE)) -> #REF! | N100: =IF(L100="",0,VLOOKUP(L100,#REF!,2,FALSE)) -> 0 | O100: =M100+N100 -> #REF! | P100: =IF(F100="Barrido","",O100) -> #REF! | Q100: =IF(F100="Barrido",O100,"") | R100: =IF(I100<>"0",I100,"") -> 0 | S100: =IF(J100<>"0",J100,"") -> 1800 | T100: -1.3 | U100: -2 | V100: 91 | W100: 1019.6 | X100: 5.4
A101: 45842 | B101: =IF(A101="","",VLOOKUP(Planilla!A101,#REF!,2,FALSE)) -> #REF! | C101: =IF(B101="","",VLOOKUP(Planilla!A101,#REF!,3,FALSE)) -> #REF! | D101: Preventivo | E101: Probabilidad de Hielo | F101: Prueba de frenado | G101: Movil 1 AB743ZN | H101: Descelerometro | K101: Pista | M101: =IF(K101="",0,VLOOKUP(K101,#REF!,2,FALSE)) -> #REF! | N101: =IF(L101="",0,VLOOKUP(L101,#REF!,2,FALSE)) -> 0 | O101: =M101+N101 -> #REF! | P101: =IF(F101="Barrido","",O101) -> #REF! | Q101: =IF(F101="Barrido",O101,"") | R101: =IF(I101<>"0",I101,"") -> 0 | S101: =IF(J101<>"0",J101,"") -> 0 | T101: -1.8 | U101: -3 | V101: 93 | W101: 1019.9 | X101: 10.4
...
